Grupos,CaixaPostal,ReduzioAtraso,PFPJ,AtrasoOutubro,AtrasoDezembro,MediaVariacao
Controle,"NA",2,PF,1,1,0
Controle,"NA",2,PJ,1,2,1
Controle,"NA",2,PF,1,2,1
Controle,"NA",2,PJ,1,0,-1
Controle,"NA",1,PF,1,0,-1
Controle,"NA",2,PF,1,0,-1
Controle,"NA",2,PF,1,1,0
Controle,"NA",2,PJ,0,0,0
Controle,"NA",2,PF,10,12,2
Controle,"NA",2,PF,11,11,0
Controle,"NA",2,PF,5,4,-1
Controle,"NA",1,PJ,3,5,2
Controle,"NA",2,PJ,4,3,-1
Controle,"NA",1,PF,14,14,0
Controle,"NA",2,PF,13,11,-2
Controle,"NA",2,PF,0,1,1
Controle,"NA",2,PF,16,17,1
Controle,"NA",2,PJ,2,2,0
Controle,"NA",2,PF,1,1,0
Controle,"NA",2,PJ,2,1,-1
Controle,"NA",2,PF,15,15,0
Controle,"NA",2,PF,2,1,-1
Controle,"NA",2,PF,9,10,1
Controle,"NA",2,PF,4,5,1
Controle,"NA",2,PJ,2,1,-1
Controle,"NA",2,PJ,1,3,2
Controle,"NA",1,PF,13,14,1
Controle,"NA",2,PJ,16,16,0
Controle,"NA",2,PF,1,0,-1
Controle,"NA",2,PJ,4,4,0
Controle,"NA",1,PJ,1,0,-1
Controle,"NA",2,PJ,4,5,1
Controle,"NA",2,PJ,0,0,0
Controle,"NA",2,PJ,3,4,1
Controle,"NA",1,PF,9,10,1
Controle,"NA",2,PF,3,3,0
Controle,"NA",2,PF,11,12,1
Controle,"NA",2,PF,1,0,-1
Controle,"NA",2,PJ,14,15,1
Controle,"NA",2,PJ,2,3,1
Controle,"NA",2,PF,1,1,0
Controle,"NA",2,PJ,2,2,0
Controle,"NA",2,PF,1,3,2
Controle,"NA",2,PF,1,0,-1
Controle,"NA",2,PJ,17,17,0
Controle,"NA",2,PJ,3,2,-1
Controle,"NA",2,PF,1,1,0
Controle,"NA",2,PJ,1,1,0
Controle,"NA",2,PF,2,2,0
Controle,"NA",2,PF,4,3,-1
Controle,"NA",1,PJ,2,2,0
Controle,"NA",2,PJ,2,1,-1
Controle,"NA",2,PF,12,11,-1
Controle,"NA",1,PF,0,0,0
Controle,"NA",2,PJ,1,2,1
Controle,"NA",2,PJ,4,4,0
Controle,"NA",2,PJ,0,1,1
Controle,"NA",2,PF,3,5,2
Controle,"NA",2,PF,3,4,1
Controle,"NA",2,PJ,12,13,1
Controle,"NA",2,PJ,18,16,-2
Controle,"NA",2,PF,2,2,0
Controle,"NA",1,PF,3,4,1
Controle,"NA",2,PF,0,1,1
Controle,"NA",2,PJ,1,2,1
Controle,"NA",1,PJ,2,1,-1
Controle,"NA",2,PF,11,11,0
Controle,"NA",2,PF,0,0,0
Controle,"NA",2,PJ,1,1,0
Controle,"NA",2,PF,15,16,1
Controle,"NA",2,PJ,4,4,0
Controle,"NA",2,PF,1,0,-1
Controle,"NA",2,PJ,1,3,2
Controle,"NA",2,PF,1,0,-1
Controle,"NA",2,PJ,3,2,-1
Controle,"NA",2,PJ,14,15,1
Controle,"NA",2,PF,3,4,1
Controle,"NA",2,PJ,9,8,-1
Controle,"NA",2,PJ,11,11,0
Controle,"NA",2,PJ,2,3,1
Controle,"NA",2,PJ,15,15,0
Controle,"NA",2,PF,2,2,0
Controle,"NA",2,PF,4,4,0
Controle,"NA",2,PF,0,0,0
Controle,"NA",2,PJ,1,1,0
Controle,"NA",2,PJ,3,3,0
Controle,"NA",2,PF,2,3,1
Controle,"NA",2,PF,3,4,1
Controle,"NA",2,PF,2,3,1
Controle,"NA",2,PF,15,17,2
Controle,"NA",2,PJ,0,1,1
Controle,"NA",1,PF,1,2,1
Controle,"NA",2,PF,0,0,0
Controle,"NA",2,PJ,1,3,2
Controle,"NA",2,PF,2,2,0
Controle,"NA",2,PF,0,1,1
Controle,"NA",2,PF,2,4,2
Controle,"NA",2,PJ,4,6,2
Controle,"NA",2,PF,15,14,-1
Controle,"NA",2,PF,10,10,0
Controle,"NA",2,PJ,0,0,0
Controle,"NA",2,PF,1,2,1
Controle,"NA",2,PF,3,2,-1
Controle,"NA",2,PJ,9,11,2
Controle,"NA",2,PJ,1,3,2
Controle,"NA",2,PF,16,17,1
Controle,"NA",2,PJ,12,12,0
Controle,"NA",2,PF,3,3,0
Controle,"NA",2,PF,0,0,0
Controle,"NA",2,PJ,2,4,2
Coercitiva,Caixa Postal,2,PF,2,3,1
Coercitiva,Caixa Postal,2,PJ,11,12,1
Coercitiva,Caixa Postal,2,PF,6,6,0
Coercitiva,Caixa Postal,2,PJ,1,2,1
Coercitiva,Caixa Postal,2,PF,1,2,1
Coercitiva,Caixa Postal,2,PF,1,2,1
Coercitiva,Caixa Postal,1,PF,4,6,2
Coercitiva,Caixa Postal,2,PJ,12,13,1
Coercitiva,Caixa Postal,1,PF,2,3,1
Coercitiva,Caixa Postal,2,PF,2,4,2
Coercitiva,Caixa Postal,1,PF,4,4,0
Coercitiva,Caixa Postal,2,PF,4,4,0
Coercitiva,Caixa Postal,2,PF,2,3,1
Coercitiva,Caixa Postal,2,PJ,5,6,1
Coercitiva,Caixa Postal,2,PF,2,2,0
Coercitiva,Caixa Postal,2,PF,13,13,0
Coercitiva,Caixa Postal,2,PF,4,5,1
Coercitiva,Caixa Postal,1,PF,18,19,1
Coercitiva,Caixa Postal,2,PF,1,2,1
Coercitiva,Caixa Postal,1,PJ,2,3,1
Coercitiva,Caixa Postal,2,PF,12,13,1
Coercitiva,Caixa Postal,2,PF,3,5,2
Coercitiva,Caixa Postal,2,PJ,0,0,0
Coercitiva,Caixa Postal,1,PF,4,4,0
Coercitiva,Caixa Postal,2,PJ,11,14,3
Coercitiva,Caixa Postal,2,PJ,0,0,0
Coercitiva,Caixa Postal,2,PF,1,2,1
Coercitiva,Caixa Postal,1,PF,1,4,3
Coercitiva,Caixa Postal,2,PF,15,17,2
Coercitiva,Caixa Postal,2,PJ,3,5,2
Coercitiva,Caixa Postal,2,PJ,1,3,2
Coercitiva,Caixa Postal,1,PF,4,3,-1
Coercitiva,Caixa Postal,2,PF,1,3,2
Coercitiva,Caixa Postal,2,PF,3,4,1
Coercitiva,Caixa Postal,2,PJ,2,3,1
Coercitiva,Caixa Postal,2,PF,0,0,0
Coercitiva,Caixa Postal,1,PJ,2,2,0
Coercitiva,Caixa Postal,2,PF,4,6,2
Coercitiva,Caixa Postal,2,PF,2,3,1
Coercitiva,Caixa Postal,2,PF,4,6,2
Coercitiva,Caixa Postal,2,PF,3,5,2
Coercitiva,Caixa Postal,2,PF,3,6,3
Coercitiva,Caixa Postal,1,PJ,3,3,0
Coercitiva,Caixa Postal,2,PF,14,16,2
Coercitiva,Caixa Postal,1,PJ,6,8,2
Coercitiva,Caixa Postal,2,PF,4,5,1
Coercitiva,Caixa Postal,1,PJ,4,6,2
Coercitiva,Caixa Postal,1,PF,4,5,1
Coercitiva,Caixa Postal,2,PF,5,5,0
Coercitiva,Caixa Postal,2,PJ,1,3,2
Coercitiva,Caixa Postal,2,PJ,0,0,0
Coercitiva,Caixa Postal,2,PF,15,16,1
Coercitiva,Caixa Postal,2,PF,3,4,1
Coercitiva,Caixa Postal,1,PJ,6,7,1
Coercitiva,Caixa Postal,2,PF,0,0,0
Coercitiva,Caixa Postal,1,PF,2,2,0
Coercitiva,Caixa Postal,1,PJ,4,6,2
Coercitiva,Caixa Postal,2,PF,1,3,2
Coercitiva,Caixa Postal,2,PJ,11,12,1
Coercitiva,Caixa Postal,2,PF,2,4,2
Coercitiva,Caixa Postal,2,PF,2,1,-1
Coercitiva,Caixa Postal,2,PJ,2,4,2
Coercitiva,Caixa Postal,1,PJ,3,4,1
Coercitiva,Caixa Postal,2,PF,2,2,0
Coercitiva,Caixa Postal,2,PF,4,6,2
Coercitiva,Caixa Postal,1,PF,3,4,1
Coercitiva,Caixa Postal,2,PF,12,13,1
Coercitiva,Caixa Postal,1,PJ,2,3,1
Coercitiva,Caixa Postal,2,PJ,6,7,1
Coercitiva,Caixa Postal,2,PF,5,7,2
Coercitiva,Caixa Postal,2,PF,0,0,0
Coercitiva,Caixa Postal,1,PF,2,3,1
Coercitiva,Caixa Postal,2,PF,5,5,0
Coercitiva,Caixa Postal,2,PF,5,5,0
Coercitiva,Caixa Postal,2,PJ,4,4,0
Coercitiva,Caixa Postal,2,PJ,1,3,2
Coercitiva,Caixa Postal,2,PF,2,1,-1
Coercitiva,Caixa Postal,2,PF,5,6,1
Coercitiva,Caixa Postal,2,PF,3,5,2
Coercitiva,Caixa Postal,2,PJ,2,3,1
Coercitiva,Caixa Postal,2,PJ,2,3,1
Coercitiva,Caixa Postal,2,PF,2,3,1
Coercitiva,Caixa Postal,2,PF,4,5,1
Coercitiva,Caixa Postal,2,PF,3,4,1
Coercitiva,Caixa Postal,1,PF,2,4,2
Coercitiva,Caixa Postal,2,PF,4,4,0
Coercitiva,Caixa Postal,2,PJ,3,3,0
Coercitiva,Caixa Postal,2,PJ,1,2,1
Coercitiva,Caixa Postal,2,PJ,1,1,0
Coercitiva,Caixa Postal,2,PJ,12,13,1
Coercitiva,Caixa Postal,2,PF,3,5,2
Coercitiva,Caixa Postal,2,PF,3,3,0
Coercitiva,Caixa Postal,1,PJ,0,1,1
Coercitiva,Caixa Postal,2,PJ,13,12,-1
Coercitiva,Caixa Postal,2,PJ,3,5,2
Coercitiva,Caixa Postal,2,PJ,18,20,2
Coercitiva,Caixa Postal,2,PJ,1,2,1
Coercitiva,Caixa Postal,2,PJ,2,3,1
Coercitiva,Caixa Postal,2,PF,1,0,-1
Coercitiva,Caixa Postal,2,PJ,18,18,0
Coercitiva,Caixa Postal,2,PF,3,4,1
Coercitiva,Caixa Postal,2,PF,10,11,1
Coercitiva,Caixa Postal,2,PF,8,10,2
Coercitiva,Caixa Postal,2,PJ,2,2,0
Coercitiva,Caixa Postal,2,PJ,9,9,0
Coercitiva,Caixa Postal,2,PF,1,3,2
Coercitiva,Sem resposta,2,PF,0,0,0
Coercitiva,Sem resposta,2,PF,0,0,0
Coercitiva,Sem resposta,2,PF,13,0,0
Aversão à Perda,Caixa Postal,2,PJ,6,6,0
Aversão à Perda,Caixa Postal,2,PF,2,2,0
Aversão à Perda,Caixa Postal,1,PF,2,4,2
Aversão à Perda,Caixa Postal,1,PJ,0,0,0
Aversão à Perda,Caixa Postal,2,PF,14,14,0
Aversão à Perda,Caixa Postal,1,PF,18,19,1
Aversão à Perda,Caixa Postal,2,PF,4,5,1
Aversão à Perda,Caixa Postal,2,PF,3,4,1
Aversão à Perda,Caixa Postal,2,PF,2,3,1
Aversão à Perda,Caixa Postal,2,PF,3,3,0
Aversão à Perda,Caixa Postal,2,PJ,4,6,2
Aversão à Perda,Caixa Postal,1,PF,18,19,1
Aversão à Perda,Caixa Postal,2,PJ,4,5,1
Aversão à Perda,Caixa Postal,2,PF,4,6,2
Aversão à Perda,Caixa Postal,2,PF,2,5,3
Aversão à Perda,Caixa Postal,2,PF,3,3,0
Aversão à Perda,Caixa Postal,2,PF,18,19,1
Aversão à Perda,Caixa Postal,2,PF,3,3,0
Aversão à Perda,Caixa Postal,2,PJ,1,2,1
Aversão à Perda,Caixa Postal,2,PJ,16,17,1
Aversão à Perda,Caixa Postal,2,PF,1,0,-1
Aversão à Perda,Caixa Postal,2,PF,1,3,2
Aversão à Perda,Caixa Postal,1,PF,12,13,1
Aversão à Perda,Caixa Postal,2,PJ,5,7,2
Aversão à Perda,Caixa Postal,2,PJ,3,4,1
Aversão à Perda,Caixa Postal,2,PF,2,4,2
Aversão à Perda,Caixa Postal,2,PF,13,16,3
Aversão à Perda,Caixa Postal,1,PF,3,5,2
Aversão à Perda,Caixa Postal,2,PF,15,17,2
Aversão à Perda,Caixa Postal,2,PF,9,10,1
Aversão à Perda,Caixa Postal,1,PJ,1,3,2
Aversão à Perda,Caixa Postal,2,PJ,1,3,2
Aversão à Perda,Caixa Postal,2,PJ,5,7,2
Aversão à Perda,Caixa Postal,2,PF,2,4,2
Aversão à Perda,Caixa Postal,2,PF,4,5,1
Aversão à Perda,Caixa Postal,2,PJ,3,6,3
Aversão à Perda,Caixa Postal,2,PF,1,1,0
Aversão à Perda,Caixa Postal,2,PF,2,2,0
Aversão à Perda,Caixa Postal,1,PF,16,17,1
Aversão à Perda,Caixa Postal,2,PF,7,9,2
Aversão à Perda,Caixa Postal,2,PJ,3,5,2
Aversão à Perda,Caixa Postal,2,PF,13,15,2
Aversão à Perda,Caixa Postal,2,PF,3,6,3
Aversão à Perda,Caixa Postal,2,PF,2,4,2
Aversão à Perda,Caixa Postal,2,PJ,18,18,0
Aversão à Perda,Caixa Postal,2,PF,7,9,2
Aversão à Perda,Caixa Postal,2,PF,2,6,4
Aversão à Perda,Caixa Postal,1,PF,1,2,1
Aversão à Perda,Caixa Postal,2,PF,2,3,1
Aversão à Perda,Caixa Postal,2,PF,5,5,0
Aversão à Perda,Caixa Postal,2,PF,0,1,1
Aversão à Perda,Caixa Postal,2,PJ,10,10,0
Aversão à Perda,Caixa Postal,1,PF,16,17,1
Aversão à Perda,Caixa Postal,2,PJ,2,4,2
Aversão à Perda,Caixa Postal,2,PF,2,2,0
Aversão à Perda,Caixa Postal,2,PF,2,3,1
Aversão à Perda,Caixa Postal,2,PJ,1,1,0
Aversão à Perda,Caixa Postal,1,PF,6,7,1
Aversão à Perda,Caixa Postal,2,PF,0,1,1
Aversão à Perda,Caixa Postal,2,PJ,5,6,1
Aversão à Perda,Caixa Postal,2,PF,1,1,0
Aversão à Perda,Caixa Postal,2,PF,1,3,2
Aversão à Perda,Caixa Postal,2,PJ,3,5,2
Aversão à Perda,Caixa Postal,2,PF,1,3,2
Aversão à Perda,Caixa Postal,1,PJ,3,5,2
Aversão à Perda,Caixa Postal,2,PF,1,1,0
Aversão à Perda,Caixa Postal,2,PJ,15,17,2
Aversão à Perda,Caixa Postal,2,PJ,12,16,4
Aversão à Perda,Caixa Postal,2,PJ,9,8,-1
Aversão à Perda,Caixa Postal,2,PJ,13,15,2
Aversão à Perda,Caixa Postal,1,PF,6,7,1
Aversão à Perda,Caixa Postal,2,PF,3,4,1
Aversão à Perda,Caixa Postal,2,PJ,17,20,3
Aversão à Perda,Caixa Postal,2,PF,3,3,0
Aversão à Perda,Caixa Postal,2,PF,3,4,1
Aversão à Perda,Caixa Postal,2,PJ,3,5,2
Aversão à Perda,Caixa Postal,2,PJ,13,15,2
Aversão à Perda,Caixa Postal,2,PJ,14,15,1
Aversão à Perda,Caixa Postal,2,PJ,4,5,1
Aversão à Perda,Caixa Postal,2,PJ,2,3,1
Aversão à Perda,Caixa Postal,2,PJ,3,5,2
Aversão à Perda,Caixa Postal,2,PJ,2,4,2
Aversão à Perda,Caixa Postal,2,PJ,2,4,2
Aversão à Perda,Caixa Postal,2,PJ,10,11,1
Aversão à Perda,Caixa Postal,2,PJ,1,3,2
Aversão à Perda,Caixa Postal,2,PF,3,2,-1
Aversão à Perda,Caixa Postal,2,PF,3,4,1
Aversão à Perda,Caixa Postal,2,PF,0,1,1
Aversão à Perda,Caixa Postal,2,PF,0,2,2
Aversão à Perda,Caixa Postal,2,PF,13,14,1
Aversão à Perda,Caixa Postal,2,PJ,3,4,1
Aversão à Perda,Caixa Postal,2,PJ,2,3,1
Aversão à Perda,Caixa Postal,2,PJ,3,2,-1
Aversão à Perda,Caixa Postal,2,PF,2,1,-1
Aversão à Perda,Caixa Postal,2,PF,3,5,2
Aversão à Perda,Caixa Postal,2,PJ,16,17,1
Aversão à Perda,Caixa Postal,2,PF,2,5,3
Aversão à Perda,Sem resposta,2,PF,0,0,0
Aversão à Perda,Sem resposta,2,PF,0,0,0
Aversão à Perda,Sem resposta,2,PF,0,0,0
Aversão à Perda,Sem resposta,2,PF,0,0,0
Aversão à Perda,Sem resposta,2,PF,0,0,0
Aversão à Perda,Sem resposta,2,PF,0,0,0
Aversão à Perda,Sem resposta,2,PF,10,0,0
Aversão à Perda,Sem resposta,2,PF,0,0,0
Aversão à Perda,Sem resposta,2,PF,0,0,0
Aversão à Perda,Sem resposta,2,PF,0,0,0
Aversão à Perda,Sem resposta,2,PF,9,0,0
Lembrete,Caixa Postal,2,PF,0,1,1
Lembrete,Caixa Postal,2,PF,1,2,1
Lembrete,Caixa Postal,2,PJ,0,1,1
Lembrete,Caixa Postal,2,PF,2,3,1
Lembrete,Caixa Postal,2,PF,2,3,1
Lembrete,Caixa Postal,2,PF,15,17,2
Lembrete,Caixa Postal,1,PF,3,4,1
Lembrete,Caixa Postal,2,PF,1,2,1
Lembrete,Caixa Postal,2,PJ,4,5,1
Lembrete,Caixa Postal,2,PF,6,5,-1
Lembrete,Caixa Postal,1,PJ,3,1,-2
Lembrete,Caixa Postal,2,PF,2,2,0
Lembrete,Caixa Postal,2,PF,17,19,2
Lembrete,Caixa Postal,1,PJ,1,2,1
Lembrete,Caixa Postal,2,PF,2,3,1
Lembrete,Caixa Postal,2,PF,1,2,1
Lembrete,Caixa Postal,2,PF,4,5,1
Lembrete,Caixa Postal,2,PJ,0,1,1
Lembrete,Caixa Postal,2,PJ,0,2,2
Lembrete,Caixa Postal,2,PF,2,4,2
Lembrete,Caixa Postal,1,PF,0,0,0
Lembrete,Caixa Postal,2,PF,1,2,1
Lembrete,Caixa Postal,2,PF,1,2,1
Lembrete,Caixa Postal,2,PF,0,2,2
Lembrete,Caixa Postal,2,PJ,1,1,0
Lembrete,Caixa Postal,2,PJ,3,4,1
Lembrete,Caixa Postal,1,PJ,10,11,1
Lembrete,Caixa Postal,1,PJ,3,5,2
Lembrete,Caixa Postal,2,PJ,1,3,2
Lembrete,Caixa Postal,2,PJ,17,19,2
Lembrete,Caixa Postal,2,PF,11,13,2
Lembrete,Caixa Postal,2,PF,2,3,1
Lembrete,Caixa Postal,2,PF,3,3,0
Lembrete,Caixa Postal,2,PJ,0,1,1
Lembrete,Caixa Postal,2,PJ,18,20,2
Lembrete,Caixa Postal,2,PF,2,3,1
Lembrete,Caixa Postal,2,PJ,1,1,0
Lembrete,Caixa Postal,2,PJ,0,1,1
Lembrete,Caixa Postal,2,PJ,3,3,0
Lembrete,Caixa Postal,2,PF,1,2,1
Lembrete,Caixa Postal,2,PF,1,3,2
Lembrete,Caixa Postal,2,PJ,15,17,2
Lembrete,Caixa Postal,2,PF,4,4,0
Lembrete,Caixa Postal,2,PJ,1,0,-1
Lembrete,Caixa Postal,2,PJ,2,4,2
Lembrete,Caixa Postal,1,PJ,3,2,-1
Lembrete,Caixa Postal,2,PF,0,1,1
Lembrete,Caixa Postal,1,PF,1,4,3
Lembrete,Caixa Postal,2,PF,0,1,1
Lembrete,Caixa Postal,2,PF,14,17,3
Lembrete,Caixa Postal,2,PJ,14,14,0
Lembrete,Caixa Postal,2,PF,15,16,1
Lembrete,Caixa Postal,2,PF,12,13,1
Lembrete,Caixa Postal,2,PF,1,3,2
Lembrete,Caixa Postal,2,PF,4,6,2
Lembrete,Caixa Postal,2,PF,1,2,1
Lembrete,Caixa Postal,1,PF,3,3,0
Lembrete,Caixa Postal,2,PJ,0,1,1
Lembrete,Caixa Postal,2,PF,11,13,2
Lembrete,Caixa Postal,1,PF,10,11,1
Lembrete,Caixa Postal,1,PF,1,2,1
Lembrete,Caixa Postal,2,PJ,3,3,0
Lembrete,Caixa Postal,2,PJ,4,5,1
Lembrete,Caixa Postal,2,PF,4,5,1
Lembrete,Caixa Postal,2,PJ,1,1,0
Lembrete,Caixa Postal,2,PJ,1,3,2
Lembrete,Caixa Postal,2,PF,2,2,0
Lembrete,Caixa Postal,2,PJ,18,19,1
Lembrete,Caixa Postal,2,PJ,11,12,1
Lembrete,Caixa Postal,2,PF,2,3,1
Lembrete,Caixa Postal,2,PF,3,5,2
Lembrete,Caixa Postal,2,PF,2,1,-1
Lembrete,Caixa Postal,2,PF,2,5,3
Lembrete,Caixa Postal,2,PF,1,3,2
Lembrete,Caixa Postal,2,PJ,3,4,1
Lembrete,Caixa Postal,2,PJ,2,0,-2
Lembrete,Caixa Postal,2,PJ,0,2,2
Lembrete,Caixa Postal,2,PF,10,11,1
Lembrete,Caixa Postal,2,PJ,13,14,1
Lembrete,Caixa Postal,2,PJ,18,20,2
Lembrete,Caixa Postal,2,PJ,14,18,4
Lembrete,Caixa Postal,2,PF,5,3,-2
Lembrete,Caixa Postal,2,PJ,2,2,0
Lembrete,Caixa Postal,2,PF,1,2,1
Lembrete,Caixa Postal,2,PF,10,10,0
Lembrete,Caixa Postal,2,PJ,1,2,1
Lembrete,Caixa Postal,2,PF,0,0,0
Lembrete,Caixa Postal,2,PF,1,1,0
Lembrete,Caixa Postal,2,PJ,0,0,0
Lembrete,Caixa Postal,2,PJ,0,2,2
Lembrete,Caixa Postal,2,PJ,2,4,2
Lembrete,Caixa Postal,2,PF,18,19,1
Lembrete,Caixa Postal,2,PJ,2,2,0
Lembrete,Caixa Postal,2,PF,2,4,2
Lembrete,Caixa Postal,2,PF,2,4,2
Lembrete,Caixa Postal,2,PF,2,1,-1
Lembrete,Caixa Postal,2,PJ,2,2,0
Lembrete,Caixa Postal,2,PJ,1,3,2
Lembrete,Caixa Postal,2,PJ,10,11,1
Lembrete,Caixa Postal,2,PF,2,3,1
Lembrete,Caixa Postal,1,PJ,2,4,2
Lembrete,Caixa Postal,2,PF,0,1,1
Lembrete,Caixa Postal,2,PJ,2,3,1
Lembrete,Caixa Postal,2,PF,2,2,0
Lembrete,Caixa Postal,2,PJ,3,5,2
Lembrete,Caixa Postal,2,PJ,6,6,0
Lembrete,Caixa Postal,2,PJ,15,16,1
Lembrete,Caixa Postal,2,PF,2,4,2
Lembrete,Caixa Postal,2,PJ,14,14,0
Lembrete,Sem resposta,1,PF,0,0,0
Norma Social,Caixa Postal,2,PJ,1,3,2
Norma Social,Caixa Postal,2,PF,11,11,0
Norma Social,Caixa Postal,2,PF,1,2,1
Norma Social,Caixa Postal,2,PJ,2,1,-1
Norma Social,Caixa Postal,2,PF,4,5,1
Norma Social,Caixa Postal,2,PF,1,1,0
Norma Social,Caixa Postal,2,PF,2,1,-1
Norma Social,Caixa Postal,2,PF,9,9,0
Norma Social,Caixa Postal,2,PF,14,15,1
Norma Social,Caixa Postal,1,PJ,1,1,0
Norma Social,Caixa Postal,2,PJ,2,2,0
Norma Social,Caixa Postal,2,PJ,3,5,2
Norma Social,Caixa Postal,2,PJ,1,1,0
Norma Social,Caixa Postal,2,PJ,3,5,2
Norma Social,Caixa Postal,1,PJ,11,12,1
Norma Social,Caixa Postal,2,PJ,0,2,2
Norma Social,Caixa Postal,2,PF,18,19,1
Norma Social,Caixa Postal,2,PJ,14,14,0
Norma Social,Caixa Postal,2,PJ,3,2,-1
Norma Social,Caixa Postal,1,PJ,18,19,1
Norma Social,Caixa Postal,2,PF,2,3,1
Norma Social,Caixa Postal,2,PF,1,2,1
Norma Social,Caixa Postal,2,PF,13,14,1
Norma Social,Caixa Postal,2,PJ,2,3,1
Norma Social,Caixa Postal,2,PJ,1,2,1
Norma Social,Caixa Postal,2,PF,2,3,1
Norma Social,Caixa Postal,2,PF,1,0,-1
Norma Social,Caixa Postal,2,PF,2,2,0
Norma Social,Caixa Postal,2,PJ,15,15,0
Norma Social,Caixa Postal,2,PJ,1,0,-1
Norma Social,Caixa Postal,2,PJ,2,2,0
Norma Social,Caixa Postal,1,PJ,2,1,-1
Norma Social,Caixa Postal,2,PJ,2,4,2
Norma Social,Caixa Postal,2,PJ,3,6,3
Norma Social,Caixa Postal,2,PF,14,17,3
Norma Social,Caixa Postal,2,PJ,1,3,2
Norma Social,Caixa Postal,2,PF,0,1,1
Norma Social,Caixa Postal,2,PF,0,1,1
Norma Social,Caixa Postal,2,PF,1,1,0
Norma Social,Caixa Postal,2,PJ,2,2,0
Norma Social,Caixa Postal,2,PF,13,14,1
Norma Social,Caixa Postal,2,PF,1,3,2
Norma Social,Caixa Postal,2,PF,3,3,0
Norma Social,Caixa Postal,2,PJ,3,4,1
Norma Social,Caixa Postal,2,PF,1,2,1
Norma Social,Caixa Postal,1,PF,3,5,2
Norma Social,Caixa Postal,2,PF,1,3,2
Norma Social,Caixa Postal,2,PF,4,6,2
Norma Social,Caixa Postal,1,PJ,1,2,1
Norma Social,Caixa Postal,2,PF,1,2,1
Norma Social,Caixa Postal,2,PF,0,3,3
Norma Social,Caixa Postal,2,PJ,17,20,3
Norma Social,Caixa Postal,2,PJ,2,4,2
Norma Social,Caixa Postal,1,PJ,16,16,0
Norma Social,Caixa Postal,2,PF,5,4,-1
Norma Social,Caixa Postal,2,PF,11,14,3
Norma Social,Caixa Postal,2,PF,12,12,0
Norma Social,Caixa Postal,1,PF,0,2,2
Norma Social,Caixa Postal,2,PJ,11,12,1
Norma Social,Caixa Postal,2,PF,1,4,3
Norma Social,Caixa Postal,2,PJ,3,4,1
Norma Social,Caixa Postal,2,PF,0,2,2
Norma Social,Caixa Postal,2,PJ,3,2,-1
Norma Social,Caixa Postal,2,PF,2,3,1
Norma Social,Caixa Postal,2,PJ,3,4,1
Norma Social,Caixa Postal,1,PF,2,3,1
Norma Social,Caixa Postal,1,PJ,14,15,1
Norma Social,Caixa Postal,2,PF,2,2,0
Norma Social,Caixa Postal,2,PF,0,1,1
Norma Social,Caixa Postal,2,PF,2,2,0
Norma Social,Caixa Postal,2,PF,0,1,1
Norma Social,Caixa Postal,2,PJ,3,2,-1
Norma Social,Caixa Postal,2,PF,1,1,0
Norma Social,Caixa Postal,2,PF,0,2,2
Norma Social,Caixa Postal,2,PJ,11,12,1
Norma Social,Caixa Postal,1,PF,1,2,1
Norma Social,Caixa Postal,2,PF,10,10,0
Norma Social,Caixa Postal,2,PF,4,4,0
Norma Social,Caixa Postal,2,PJ,16,16,0
Norma Social,Caixa Postal,1,PF,1,1,0
Norma Social,Caixa Postal,2,PF,13,14,1
Norma Social,Caixa Postal,2,PF,2,4,2
Norma Social,Caixa Postal,1,PJ,2,5,3
Norma Social,Caixa Postal,2,PF,15,15,0
Norma Social,Caixa Postal,2,PF,3,5,2
Norma Social,Caixa Postal,2,PF,1,3,2
Norma Social,Caixa Postal,2,PJ,2,4,2
Norma Social,Caixa Postal,2,PF,0,0,0
Norma Social,Caixa Postal,2,PF,1,3,2
Norma Social,Caixa Postal,1,PF,3,3,0
Norma Social,Caixa Postal,2,PF,1,4,3
Norma Social,Caixa Postal,2,PJ,17,18,1
Norma Social,Caixa Postal,2,PF,2,4,2
Norma Social,Caixa Postal,1,PF,0,1,1
Norma Social,Caixa Postal,2,PF,6,6,0
Norma Social,Caixa Postal,1,PF,3,3,0
Norma Social,Caixa Postal,2,PF,11,11,0
Norma Social,Caixa Postal,2,PF,3,4,1
Norma Social,Caixa Postal,2,PJ,5,6,1
Norma Social,Caixa Postal,1,PJ,2,4,2
Norma Social,Sem resposta,2,PF,10,0,0
Norma Social,Sem resposta,2,PF,0,0,0
Norma Social,Sem resposta,2,PF,0,0,0
Norma Social,Sem resposta,2,PF,0,0,0
Norma Social,Sem resposta,2,PF,0,0,0
Norma Social,Sem resposta,2,PF,0,0,0
Norma Social,Sem resposta,2,PF,0,0,0
Norma Social,Sem resposta,2,PF,9,0,0
Norma Social,Sem resposta,2,PF,0,0,0
Simplificada,Caixa Postal,2,PJ,0,2,2
Simplificada,Caixa Postal,2,PF,0,4,4
Simplificada,Caixa Postal,2,PJ,11,13,2
Simplificada,Caixa Postal,2,PF,0,1,1
Simplificada,Caixa Postal,2,PJ,1,3,2
Simplificada,Caixa Postal,2,PJ,2,3,1
Simplificada,Caixa Postal,2,PJ,1,1,0
Simplificada,Caixa Postal,1,PF,17,19,2
Simplificada,Caixa Postal,2,PJ,1,3,2
Simplificada,Caixa Postal,2,PJ,3,4,1
Simplificada,Caixa Postal,2,PJ,2,4,2
Simplificada,Caixa Postal,2,PJ,0,2,2
Simplificada,Caixa Postal,2,PF,13,13,0
Simplificada,Caixa Postal,2,PJ,1,3,2
Simplificada,Caixa Postal,2,PJ,17,19,2
Simplificada,Caixa Postal,2,PF,2,2,0
Simplificada,Caixa Postal,2,PJ,0,1,1
Simplificada,Caixa Postal,2,PF,18,20,2
Simplificada,Caixa Postal,2,PJ,14,14,0
Simplificada,Caixa Postal,2,PF,12,12,0
Simplificada,Caixa Postal,2,PF,3,4,1
Simplificada,Caixa Postal,2,PJ,1,2,1
Simplificada,Caixa Postal,2,PJ,2,3,1
Simplificada,Caixa Postal,2,PF,1,2,1
Simplificada,Caixa Postal,2,PF,12,12,0
Simplificada,Caixa Postal,2,PF,16,17,1
Simplificada,Caixa Postal,2,PF,16,15,-1
Simplificada,Caixa Postal,2,PJ,1,3,2
Simplificada,Caixa Postal,2,PF,1,3,2
Simplificada,Caixa Postal,2,PF,3,5,2
Simplificada,Caixa Postal,2,PF,0,0,0
Simplificada,Caixa Postal,1,PJ,16,18,2
Simplificada,Caixa Postal,2,PJ,10,12,2
Simplificada,Caixa Postal,1,PJ,16,17,1
Simplificada,Caixa Postal,2,PF,3,4,1
Simplificada,Caixa Postal,1,PJ,1,1,0
Simplificada,Caixa Postal,2,PJ,0,1,1
Simplificada,Caixa Postal,2,PJ,6,8,2
Simplificada,Caixa Postal,2,PF,0,1,1
Simplificada,Caixa Postal,2,PF,1,2,1
Simplificada,Caixa Postal,2,PF,1,3,2
Simplificada,Caixa Postal,2,PF,6,8,2
Simplificada,Caixa Postal,2,PJ,3,5,2
Simplificada,Caixa Postal,2,PJ,13,13,0
Simplificada,Caixa Postal,1,PJ,0,1,1
Simplificada,Caixa Postal,2,PF,2,5,3
Simplificada,Caixa Postal,2,PF,18,20,2
Simplificada,Caixa Postal,2,PF,1,0,-1
Simplificada,Caixa Postal,1,PJ,3,3,0
Simplificada,Caixa Postal,2,PJ,2,2,0
Simplificada,Caixa Postal,2,PF,13,14,1
Simplificada,Caixa Postal,2,PJ,2,4,2
Simplificada,Caixa Postal,2,PF,0,1,1
Simplificada,Caixa Postal,2,PF,2,1,-1
Simplificada,Caixa Postal,1,PF,1,1,0
Simplificada,Caixa Postal,2,PF,13,15,2
Simplificada,Caixa Postal,2,PF,0,1,1
Simplificada,Caixa Postal,1,PJ,3,2,-1
Simplificada,Caixa Postal,2,PF,1,2,1
Simplificada,Caixa Postal,2,PJ,3,4,1
Simplificada,Caixa Postal,2,PJ,3,4,1
Simplificada,Caixa Postal,1,PJ,5,5,0
Simplificada,Caixa Postal,2,PF,3,4,1
Simplificada,Caixa Postal,2,PF,1,3,2
Simplificada,Caixa Postal,2,PJ,2,3,1
Simplificada,Caixa Postal,2,PJ,0,1,1
Simplificada,Caixa Postal,1,PJ,2,4,2
Simplificada,Caixa Postal,1,PF,11,12,1
Simplificada,Caixa Postal,2,PF,1,2,1
Simplificada,Caixa Postal,1,PJ,1,3,2
Simplificada,Caixa Postal,2,PJ,16,17,1
Simplificada,Caixa Postal,2,PJ,1,1,0
Simplificada,Caixa Postal,2,PF,12,13,1
Simplificada,Caixa Postal,2,PJ,10,10,0
Simplificada,Caixa Postal,2,PJ,2,4,2
Simplificada,Caixa Postal,2,PF,2,4,2
Simplificada,Caixa Postal,2,PF,3,4,1
Simplificada,Caixa Postal,1,PF,3,4,1
Simplificada,Caixa Postal,2,PJ,15,16,1
Simplificada,Caixa Postal,2,PF,17,19,2
Simplificada,Caixa Postal,2,PJ,0,2,2
Simplificada,Caixa Postal,2,PF,2,4,2
Simplificada,Caixa Postal,2,PF,2,5,3
Simplificada,Caixa Postal,2,PF,2,4,2
Simplificada,Caixa Postal,2,PF,2,5,3
Simplificada,Caixa Postal,1,PF,14,14,0
Simplificada,Caixa Postal,2,PJ,0,1,1
Simplificada,Caixa Postal,2,PF,0,2,2
Simplificada,Caixa Postal,1,PF,3,3,0
Simplificada,Caixa Postal,2,PJ,4,5,1
Simplificada,Caixa Postal,2,PF,1,3,2
Simplificada,Caixa Postal,2,PJ,3,6,3
Simplificada,Caixa Postal,2,PF,0,3,3
Simplificada,Caixa Postal,2,PJ,2,2,0
Simplificada,Caixa Postal,2,PF,0,3,3
Simplificada,Caixa Postal,1,PF,2,4,2
Simplificada,Caixa Postal,2,PF,15,15,0
Simplificada,Caixa Postal,2,PF,1,3,2
Simplificada,Caixa Postal,2,PF,0,2,2
Simplificada,Caixa Postal,2,PF,12,13,1
Simplificada,Caixa Postal,2,PJ,2,3,1
Simplificada,Caixa Postal,2,PJ,1,3,2
Simplificada,Caixa Postal,2,PF,10,12,2
Simplificada,Caixa Postal,2,PF,18,18,0
Simplificada,Sem resposta,2,PF,0,0,0
